{"cameraMode":{"drawMode":0,"name":"Shaded","section":"Shading Mode"},"sceneLighting":true,"audioPlay":false,"sceneViewState":{"showFog":true,"showMaterialUpdate":true,"showSkybox":true,"showFlares":true,"showImageEffects":true,"showParticleSystems":true},"in2DMode":false,"pivot":{"x":0.08957374095916748,"y":3.338214874267578,"z":5.921762466430664},"rotation":{"x":-0.05246230959892273,"y":0.022745249792933465,"z":-0.0011942052515223623,"w":-0.9983665347099304},"size":25.373708724975587,"orthographic":false}