{"cameraMode":{"drawMode":0,"name":"Shaded","section":"Shading Mode"},"sceneLighting":false,"audioPlay":false,"sceneViewState":{"showFog":true,"showMaterialUpdate":true,"showSkybox":false,"showFlares":true,"showImageEffects":true,"showParticleSystems":true},"in2DMode":false,"pivot":{"x":-9.479999542236329,"y":1.1399998664855958,"z":1.9220000505447388},"rotation":{"x":0.23092854022979737,"y":-0.05396750569343567,"z":0.012829747051000595,"w":0.9713888168334961},"size":4.4900617599487309,"orthographic":false}