{"cameraMode":{"drawMode":0,"name":"Shaded","section":"Shading Mode"},"sceneLighting":false,"audioPlay":false,"sceneViewState":{"showFog":true,"showMaterialUpdate":true,"showSkybox":false,"showFlares":true,"showImageEffects":true,"showParticleSystems":true},"in2DMode":false,"pivot":{"x":8.747809410095215,"y":2.5282135009765627,"z":-0.2793302536010742},"rotation":{"x":-0.1304364651441574,"y":0.0035669920034706594,"z":-0.0004696597461588681,"w":-0.9914543628692627},"size":10.851179122924805,"orthographic":false}