{"cameraMode":{"drawMode":0,"name":"Shaded","section":"Shading Mode"},"sceneLighting":false,"audioPlay":false,"sceneViewState":{"showFog":true,"showMaterialUpdate":true,"showSkybox":false,"showFlares":true,"showImageEffects":true,"showParticleSystems":true},"in2DMode":false,"pivot":{"x":166.54727172851563,"y":-355.41424560546877,"z":23.760061264038087},"rotation":{"x":-0.318654328584671,"y":-0.0008556228131055832,"z":0.0002876425569411367,"w":-0.9478705525398254},"size":7.132055282592773,"orthographic":false}