{"cameraMode":{"drawMode":0,"name":"Shaded","section":"Shading Mode"},"sceneLighting":false,"audioPlay":false,"sceneViewState":{"showFog":true,"showMaterialUpdate":true,"showSkybox":false,"showFlares":true,"showImageEffects":true,"showParticleSystems":true},"in2DMode":false,"pivot":{"x":-148.5142364501953,"y":21.385196685791017,"z":-77.97714233398438},"rotation":{"x":0.36152052879333498,"y":5.397470026480278e-9,"z":1.764129109460555e-8,"w":0.9323647022247315},"size":21.943452835083009,"orthographic":true}