{"cameraMode":{"drawMode":0,"name":"Shaded","section":"Shading Mode"},"sceneLighting":false,"audioPlay":false,"sceneViewState":{"showFog":true,"showMaterialUpdate":true,"showSkybox":false,"showFlares":true,"showImageEffects":true,"showParticleSystems":true},"in2DMode":false,"pivot":{"x":-8.0,"y":4.860000133514404,"z":-4.599999904632568},"rotation":{"x":-0.1304364651441574,"y":0.0035669920034706594,"z":-0.0004696597461588681,"w":-0.9914543628692627},"size":10.851181030273438,"orthographic":false}