{"cameraMode":{"drawMode":0,"name":"Shaded","section":"Shading Mode"},"sceneLighting":false,"audioPlay":false,"sceneViewState":{"showFog":true,"showMaterialUpdate":true,"showSkybox":false,"showFlares":true,"showImageEffects":true,"showParticleSystems":true},"in2DMode":false,"pivot":{"x":9.92869758605957,"y":3.8632774353027345,"z":2.063985824584961},"rotation":{"x":-0.18522608280181886,"y":0.00943157821893692,"z":-0.0017780496273189784,"w":-0.9826546907424927},"size":17.14150619506836,"orthographic":false}