{"cameraMode":{"drawMode":0,"name":"Shaded","section":"Shading Mode"},"sceneLighting":false,"audioPlay":false,"sceneViewState":{"showFog":true,"showMaterialUpdate":true,"showSkybox":false,"showFlares":true,"showImageEffects":true,"showParticleSystems":true},"in2DMode":false,"pivot":{"x":422.581298828125,"y":-11.78125,"z":-16.53125},"rotation":{"x":0.25514939427375796,"y":-0.0029013166204094888,"z":0.0007619534735567868,"w":0.9669086337089539},"size":241.78787231445313,"orthographic":true}