{"cameraMode":{"drawMode":0,"name":"Shaded","section":"Shading Mode"},"sceneLighting":false,"audioPlay":false,"sceneViewState":{"showFog":true,"showMaterialUpdate":false,"showSkybox":false,"showFlares":true,"showImageEffects":true,"showParticleSystems":true},"in2DMode":false,"pivot":{"x":-6.834075927734375,"y":5.493092060089111,"z":3.6198911666870119},"rotation":{"x":-0.05273761227726936,"y":0.04252523556351662,"z":-0.0022470224648714067,"w":-0.9977015852928162},"size":11.769073486328125,"orthographic":false}