{"cameraMode":{"drawMode":0,"name":"Shaded","section":"Shading Mode"},"sceneLighting":false,"audioPlay":false,"sceneViewState":{"showFog":true,"showMaterialUpdate":true,"showSkybox":false,"showFlares":true,"showImageEffects":true,"showParticleSystems":true},"in2DMode":false,"pivot":{"x":-9.545747756958008,"y":1.0022339820861817,"z":34.030616760253909},"rotation":{"x":0.08773241937160492,"y":0.03436001017689705,"z":-0.00302792526781559,"w":0.9955477714538574},"size":34.75602340698242,"orthographic":false}