{"cameraMode":{"drawMode":0,"name":"Shaded","section":"Shading Mode"},"sceneLighting":false,"audioPlay":false,"sceneViewState":{"showFog":true,"showMaterialUpdate":true,"showSkybox":false,"showFlares":true,"showImageEffects":true,"showParticleSystems":true},"in2DMode":false,"pivot":{"x":3.6449995040893556,"y":2.8350000381469728,"z":1.6799999475479127},"rotation":{"x":0.46124836802482607,"y":2.510676111455723e-9,"z":-5.775500540039502e-7,"w":0.8872788548469544},"size":41.736751556396487,"orthographic":true}