{"cameraMode":{"drawMode":0,"name":"Shaded","section":"Shading Mode"},"sceneLighting":false,"audioPlay":false,"sceneViewState":{"showFog":true,"showMaterialUpdate":true,"showSkybox":false,"showFlares":true,"showImageEffects":true,"showParticleSystems":true},"in2DMode":false,"pivot":{"x":-20.870147705078126,"y":3.3728127479553224,"z":-4.3904876708984379},"rotation":{"x":-0.0051018791273236279,"y":-0.0014999922132119537,"z":-0.000007656713933101855,"w":0.9999861121177673},"size":22.0,"orthographic":true}