{"cameraMode":{"drawMode":0,"name":"Shaded","section":"Shading Mode"},"sceneLighting":false,"audioPlay":false,"sceneViewState":{"showFog":true,"showMaterialUpdate":true,"showSkybox":false,"showFlares":true,"showImageEffects":true,"showParticleSystems":true},"in2DMode":false,"pivot":{"x":-3.32373046875,"y":8.8187255859375,"z":-10.74609375},"rotation":{"x":0.020395243540406228,"y":-0.01199706457555294,"z":0.00024435415980406106,"w":0.9997208118438721},"size":46.05542755126953,"orthographic":true}