{"cameraMode":{"drawMode":0,"name":"Shaded","section":"Shading Mode"},"sceneLighting":false,"audioPlay":false,"sceneViewState":{"showFog":true,"showMaterialUpdate":true,"showSkybox":false,"showFlares":true,"showImageEffects":true,"showParticleSystems":true},"in2DMode":false,"pivot":{"x":11.384891510009766,"y":-1.9953317642211915,"z":13.423992156982422},"rotation":{"x":-0.12446112185716629,"y":0.01994001865386963,"z":-0.002502685645595193,"w":-0.992026150226593},"size":26.326492309570314,"orthographic":false}