{"cameraMode":{"drawMode":0,"name":"Shaded","section":"Shading Mode"},"sceneLighting":false,"audioPlay":false,"sceneViewState":{"showFog":true,"showMaterialUpdate":true,"showSkybox":false,"showFlares":true,"showImageEffects":true,"showParticleSystems":true},"in2DMode":false,"pivot":{"x":0.1509009152650833,"y":0.590470552444458,"z":0.1435222625732422},"rotation":{"x":-0.1304364651441574,"y":0.0035669920034706594,"z":-0.0004696597461588681,"w":-0.9914543628692627},"size":9.019952774047852,"orthographic":false}