{"cameraMode":{"drawMode":0,"name":"Shaded","section":"Shading Mode"},"sceneLighting":false,"audioPlay":false,"sceneViewState":{"showFog":true,"showMaterialUpdate":true,"showSkybox":false,"showFlares":true,"showImageEffects":true,"showParticleSystems":true},"in2DMode":false,"pivot":{"x":167.40997314453126,"y":-356.2237243652344,"z":22.520061492919923},"rotation":{"x":-0.318654328584671,"y":-0.0008556228131055832,"z":0.0002876425569411367,"w":-0.9478705525398254},"size":7.131191730499268,"orthographic":false}