{"cameraMode":{"drawMode":0,"name":"Shaded","section":"Shading Mode"},"sceneLighting":false,"audioPlay":false,"sceneViewState":{"showFog":true,"showMaterialUpdate":true,"showSkybox":false,"showFlares":true,"showImageEffects":true,"showParticleSystems":true},"in2DMode":false,"pivot":{"x":-20.870147705078126,"y":1.3028124570846558,"z":-4.3904876708984379},"rotation":{"x":0.5566893219947815,"y":0.0024921619333326818,"z":-0.0016700680134817958,"w":0.8307157158851624},"size":7.595730304718018,"orthographic":true}