{"cameraMode":{"drawMode":0,"name":"Shaded","section":"Shading Mode"},"sceneLighting":false,"audioPlay":false,"sceneViewState":{"showFog":true,"showMaterialUpdate":true,"showSkybox":false,"showFlares":true,"showImageEffects":true,"showParticleSystems":true},"in2DMode":false,"pivot":{"x":0.2200000286102295,"y":5.909999847412109,"z":0.0},"rotation":{"x":0.04197680950164795,"y":-0.022478308528661729,"z":0.0009447266929782927,"w":0.9988672733306885},"size":4.04231595993042,"orthographic":false}