{"cameraMode":{"drawMode":0,"name":"Shaded","section":"Shading Mode"},"sceneLighting":false,"audioPlay":false,"sceneViewState":{"showFog":true,"showMaterialUpdate":true,"showSkybox":false,"showFlares":true,"showImageEffects":true,"showParticleSystems":true},"in2DMode":false,"pivot":{"x":0.0,"y":1.8400001525878907,"z":0.8399999141693115},"rotation":{"x":-0.020900784060359,"y":0.09583217650651932,"z":0.0020134642254561188,"w":0.995182454586029},"size":12.269303321838379,"orthographic":true}