{"cameraMode":{"drawMode":0,"name":"Shaded","section":"Shading Mode"},"sceneLighting":false,"audioPlay":false,"sceneViewState":{"showFog":true,"showMaterialUpdate":true,"showSkybox":false,"showFlares":true,"showImageEffects":true,"showParticleSystems":true},"in2DMode":false,"pivot":{"x":10.640000343322754,"y":4.954999923706055,"z":-2.190000057220459},"rotation":{"x":0.6674160361289978,"y":0.20297755300998689,"z":-0.1966242641210556,"w":0.6889822483062744},"size":11.197775840759278,"orthographic":true}