{"cameraMode":{"drawMode":0,"name":"Shaded","section":"Shading Mode"},"sceneLighting":false,"audioPlay":false,"sceneViewState":{"showFog":true,"showMaterialUpdate":true,"showSkybox":false,"showFlares":true,"showImageEffects":true,"showParticleSystems":true},"in2DMode":false,"pivot":{"x":1.679999828338623,"y":3.5597715377807619,"z":-2.0866003036499025},"rotation":{"x":-0.1304364651441574,"y":0.0035669920034706594,"z":-0.0004696597461588681,"w":-0.9914543628692627},"size":8.756385803222657,"orthographic":false}