{"cameraMode":{"drawMode":0,"name":"Shaded","section":"Shading Mode"},"sceneLighting":false,"audioPlay":false,"sceneViewState":{"showFog":true,"showMaterialUpdate":true,"showSkybox":false,"showFlares":true,"showImageEffects":true,"showParticleSystems":true},"in2DMode":false,"pivot":{"x":-1.4552314281463624,"y":8.019350051879883,"z":-3.743837356567383},"rotation":{"x":-0.1304364651441574,"y":0.0035669920034706594,"z":-0.0004696597461588681,"w":-0.9914543628692627},"size":22.15087127685547,"orthographic":false}