{"cameraMode":{"drawMode":0,"name":"Shaded","section":"Shading Mode"},"sceneLighting":false,"audioPlay":false,"sceneViewState":{"showFog":true,"showMaterialUpdate":true,"showSkybox":false,"showFlares":true,"showImageEffects":true,"showParticleSystems":true},"in2DMode":false,"pivot":{"x":-377.82781982421877,"y":-4.670017242431641,"z":16.40157699584961},"rotation":{"x":-0.0347956158220768,"y":0.020083269104361535,"z":-0.0006994102150201798,"w":-0.9991925954818726},"size":3.0000455379486086,"orthographic":false}