{"cameraMode":{"drawMode":0,"name":"Shaded","section":"Shading Mode"},"sceneLighting":true,"audioPlay":false,"sceneViewState":{"showFog":true,"showMaterialUpdate":true,"showSkybox":false,"showFlares":true,"showImageEffects":true,"showParticleSystems":true},"in2DMode":false,"pivot":{"x":3.1412353515625,"y":3.709585666656494,"z":0.26171875},"rotation":{"x":3.3983653224822776e-7,"y":-0.04048912599682808,"z":-9.034876597979746e-7,"w":0.99918532371521},"size":8.12094497680664,"orthographic":true}